{
    "simulation": {
        "theta": 0.5,
        "s": 0.1,
        "nstepT": 50000,
        "dt": 5e-05,
        "nsave": 500,
        "kappa": 2,
        "alpha": 0.5,
        "beta": 0,
        "alpha_st": 10,
        "beta_adh": 1.2,
        "dimension": 3
    },
    "domain": {
        "matrix_long": [
            [
                0.7,
                0.7,
                0.27999999999999997
            ],
            [
                1.0,
                1.0,
                0.05
            ],
            [
                0.8999999999999999,
                0.8999999999999999,
                0.05
            ],
            [
                0.05,
                1.0,
                0.8999999999999999
            ],
            [
                0.05,
                0.8999999999999999,
                0.7999999999999999
            ],
            [
                0.05,
                1.0,
                0.8999999999999999
            ],
            [
                0.05,
                0.8999999999999999,
                0.7999999999999999
            ],
            [
                0.7999999999999999,
                0.05,
                0.8999999999999999
            ],
            [
                0.7,
                0.05,
                0.7999999999999999
            ],
            [
                0.7999999999999999,
                0.05,
                0.8999999999999999
            ],
            [
                0.7,
                0.05,
                0.7999999999999999
            ]
        ],
        "matrix_orig": [
            [
                0.15000000000000002,
                0.15000000000000002,
                0.15000000000000002
            ],
            [
                0,
                0,
                0
            ],
            [
                0.05,
                0.05,
                0.05
            ],
            [
                0,
                0,
                0.1
            ],
            [
                0.05,
                0.05,
                0.15000000000000002
            ],
            [
                1.0,
                0,
                0.1
            ],
            [
                0.95,
                0.05,
                0.15000000000000002
            ],
            [
                0.1,
                0,
                0.1
            ],
            [
                0.15000000000000002,
                0.05,
                0.15000000000000002
            ],
            [
                0.1,
                1.0,
                0.1
            ],
            [
                0.15000000000000002,
                0.95,
                0.15000000000000002
            ]
        ],
        "vector_type": [
            1,
            0,
            0,
            0,
            0,
            0,
            0,
            0,
            0,
            0,
            0
        ],
        "L_d": [
            1.4,
            1.4,
            1.4
        ],
        "o_d": [
            0.0,
            0.0,
            0.0
        ],
        "sphere": {
            "do": [
                0,
                0,
                0,
                0,
                0,
                0,
                0,
                0,
                0,
                0,
                0
            ],
            "radius": [
                0.3
            ]
        }
    },
    "post_process": {
        "do": true,
        "xyz_init": [
            0.5,
            0.5,
            0.1
        ],
        "xyz_end": [
            0.5,
            0.5,
            0.7
        ]
    },
    "following_part": {
        "part": false,
        "min": false,
        "max": false,
        "particle": 50,
        "pressure": 0,
        "rho": 0,
        "position": [
            0,
            0,
            1
        ],
        "velocity": [
            0,
            0,
            0
        ]
    },
    "thermo": {
        "rho_0": 1000,
        "rho_moving": 1000,
        "rho_fixed": 1000,
        "T": 298.15,
        "u_init": [
            0.0,
            0.0,
            0.0
        ],
        "c_0": 30,
        "gamma": 7,
        "M": 0.018,
        "R": 8.314,
        "sigma": 52000
    },
    "forces": {
        "gravity": true,
        "surface_tension": false,
        "adhesion": false
    },
    "condition": {
        "print_debug": false,
        "schemeIntegration": {
            "Euler": true,
            "RK22": false
        },
        "stateEquation": {
            "Ideal gaz law": false,
            "Quasi incompresible fluid": true
        },
        "initialCondition": {
            "Hydrostatic": false,
            "Constant": true
        }
    }
}