{
    "simulation": {
        "theta": 0.5,
        "s": 0.05,
        "nstepT": 25000,
        "dt": 0.001,
        "nsave": 10.0,
        "kappa": 2,
        "alpha": 0.5,
        "beta": 0,
        "alpha_st": 10,
        "beta_adh": 1.2,
        "dimension": 2
    },
    "domain": {
        "matrix_long": [
            [
                0.36,
                0.025,
                0.36
            ],
            [
                1.2,
                0.025,
                0.025
            ],
            [
                1.2,
                0.025,
                0.025
            ],
            [
                0.025,
                0.025,
                1.2
            ],
            [
                0.025,
                0.025,
                1.2
            ],
            [
                0.025,
                0.025,
                1.2
            ],
            [
                0.025,
                0.025,
                1.175
            ]
        ],
        "matrix_orig": [
            [
                0.42,
                0,
                1.2
            ],
            [
                0,
                0,
                0
            ],
            [
                0.025,
                0,
                0.025
            ],
            [
                0.025,
                0,
                0.07500000000000001
            ],
            [
                0,
                0,
                0.05
            ],
            [
                1.2,
                0,
                0.05
            ],
            [
                1.2249999999999999,
                0,
                0.07500000000000001
            ]
        ],
        "vector_type": [
            1,
            0,
            0,
            0,
            0,
            0,
            0
        ],
        "L_d": [
            2.4,
            2.4,
            2.4
        ],
        "o_d": [
            0.0,
            0.0,
            0.0
        ]
    },
    "post_process": {
        "do": false,
        "xyz_init": [
            0.6,
            0,
            0.05
        ],
        "xyz_end": [
            0.6,
            0,
            1.0999999999999999
        ]
    },
    "thermo": {
        "rho_0": 1000,
        "rho_moving": 1000,
        "rho_fixed": 1000,
        "T": 298.15,
        "u_init": [
            0.0,
            0.0,
            0.0
        ],
        "c_0": 30,
        "gamma": 7,
        "M": 0.018,
        "R": 8.314,
        "sigma": 52000
    },
    "forces": {
        "gravity": true,
        "surface_tension": false,
        "adhesion": false
    },
    "condition": {
        "print_debug": false,
        "schemeIntegration": {
            "Euler": true,
            "RK22": false
        },
        "stateEquation": {
            "Ideal gaz law": false,
            "Quasi incompresible fluid": true
        },
        "initialCondition": {
            "Hydrostatic": false,
            "Constant": true
        }
    }
}