{
    "simulation": {
        "theta": 0.5,
        "s": 0.06,
        "nstepT": 20000,
        "dt": 0.0001,
        "nsave": 100,
        "kappa": 2,
        "alpha": 5,
        "beta": 0,
        "alpha_st": 10,
        "beta_adh": 1.2,
        "dimension": 2
    },
    "domain": {
        "matrix_long": [
            [
                2.4,
                0.03,
                1.2
            ],
            [
                12.0,
                0.03,
                0.03
            ],
            [
                12.0,
                0.03,
                0.03
            ],
            [
                12.0,
                0.03,
                0.03
            ],
            [
                12.0,
                0.03,
                0.03
            ]
        ],
        "matrix_orig": [
            [
                0.06,
                0,
                0.06
            ],
            [
                -3.5999999999999996,
                0,
                0
            ],
            [
                -3.57,
                0,
                0.03
            ],
            [
                -3.5999999999999996,
                0,
                1.29
            ],
            [
                -3.57,
                0,
                1.3199999999999998
            ]
        ],
        "vector_type": [
            1,
            0,
            0,
            0,
            0
        ],
        "L_d": [
            3.5999999999999996,
            3.5999999999999996,
            3.5999999999999996
        ],
        "o_d": [
            0.0,
            0.0,
            0.0
        ]
    },
    "post_process": {
        "do": false,
        "xyz_init": [
            0.6,
            0,
            0.06
        ],
        "xyz_end": [
            0.6,
            0,
            1.08
        ]
    },
    "thermo": {
        "rho_0": 1000,
        "rho_moving": 1000,
        "rho_fixed": 1000,
        "T": 298.15,
        "u_init": [
            10.0,
            0.0,
            0.0
        ],
        "c_0": 30,
        "gamma": 7,
        "M": 0.018,
        "R": 8.314,
        "sigma": 52000
    },
    "forces": {
        "gravity": false,
        "surface_tension": false,
        "adhesion": false
    },
    "condition": {
        "print_debug": true,
        "schemeIntegration": {
            "Euler": true,
            "RK22": false
        },
        "stateEquation": {
            "Ideal gaz law": false,
            "Quasi incompresible fluid": true
        },
        "initialCondition": {
            "Hydrostatic": false,
            "Constant": true
        }
    }
}